{
	"type": "package",
	"handle": "gentle-teacher",
	"version": "0.0.1",
	"description": "",
	"author": "tzlingard",
	"entrypoint": "Unused",
	"public": true,
	"plugin": null,
	"build_config": {
		"ignore": [
			"tests",
			"examples"
		]
	},
	"configTemplate": {},
	"steamshipRegistry": {
		"tagline": "",
		"tagline2": null,
		"usefulFor": null,
		"videoUrl": null,
		"githubUrl": null,
		"demoUrl": null,
		"blogUrl": null,
		"jupyterUrl": null,
		"authorGithub": "tzlingard",
		"authorName": "tzlingard",
		"authorEmail": null,
		"authorTwitter": null,
		"authorUrl": null,
		"tags": [
			"Prompt API"
		]
	}
}